[
  {
    "id": "74eed686-ad01-45e8-9928-e3b205498374",
    "data": [
      {
        "text": "mu0BeaCrIEiktt9PxxUM",
        "alias": "id",
        "meta": "@sys.any",
        "userDefined": true
      }
    ],
    "isTemplate": false,
    "count": 0,
    "updated": 1538329502
  },
  {
    "id": "533f4513-e4ab-4534-ad49-26db0a8e0f99",
    "data": [
      {
        "text": "WXfY3Fbe8ZO4d6ILhVrS",
        "alias": "id",
        "meta": "@sys.any",
        "userDefined": true
      }
    ],
    "isTemplate": false,
    "count": 0,
    "updated": 1538329502
  },
  {
    "id": "dfe0523c-c969-4979-a172-987f91e02e02",
    "data": [
      {
        "text": "Service",
        "meta": "@sys.ignore",
        "userDefined": false
      },
      {
        "text": " id : ",
        "userDefined": false
      },
      {
        "text": "nfue873gdjbcld87dndj",
        "alias": "id",
        "meta": "@sys.any",
        "userDefined": true
      }
    ],
    "isTemplate": false,
    "count": 0,
    "updated": 1538329502
  },
  {
    "id": "6e7a00c0-b6cf-4ee2-9a18-81e2bb93fb18",
    "data": [
      {
        "text": "service id ",
        "userDefined": false
      },
      {
        "text": "ABC100frfrjfnrejnerf",
        "alias": "id",
        "meta": "@sys.any",
        "userDefined": true
      }
    ],
    "isTemplate": false,
    "count": 0,
    "updated": 1538329502
  },
  {
    "id": "c8ae98f0-b146-4a04-8a88-2b7ef6d690ec",
    "data": [
      {
        "text": "ABC2dddhejbd4y7fnrhf",
        "alias": "id",
        "meta": "@sys.any",
        "userDefined": true
      }
    ],
    "isTemplate": false,
    "count": 0,
    "updated": 1538329502
  }
]