[
  {
    "id": "27cc8e0c-0a33-4d6d-aab9-302a33a84bef",
    "data": [
      {
        "text": "yes",
        "userDefined": false
      }
    ],
    "isTemplate": false,
    "count": 1,
    "updated": 1531858999
  },
  {
    "id": "4748beca-4c69-4dab-8559-c7a6a8999021",
    "data": [
      {
        "text": "okay I will",
        "userDefined": false
      }
    ],
    "isTemplate": false,
    "count": 2,
    "updated": 1531858999
  },
  {
    "id": "46bb800e-7494-4baf-ad89-7a2505eb10f4",
    "data": [
      {
        "text": "why not",
        "userDefined": false
      }
    ],
    "isTemplate": false,
    "count": 0,
    "updated": 1531858999
  },
  {
    "id": "d16f5ce7-75b0-481d-beb0-6b89b06e157a",
    "data": [
      {
        "text": "yes that\u0027s alright",
        "userDefined": false
      }
    ],
    "isTemplate": false,
    "count": 0,
    "updated": 1531867231
  },
  {
    "id": "f0f00646-f10b-4c43-8df2-cc2e585c0db4",
    "data": [
      {
        "text": "yes I do",
        "userDefined": false
      }
    ],
    "isTemplate": false,
    "count": 0,
    "updated": 1531858999
  },
  {
    "id": "c3a65392-d08a-49a3-86ed-04116e636646",
    "data": [
      {
        "text": "exactly",
        "userDefined": false
      }
    ],
    "isTemplate": false,
    "count": 1,
    "updated": 1531858999
  },
  {
    "id": "923e30b8-c45e-4293-99f9-9d6b4cba36a8",
    "data": [
      {
        "text": "of course",
        "userDefined": false
      }
    ],
    "isTemplate": false,
    "count": 0,
    "updated": 1531858999
  },
  {
    "id": "ba731f4b-e6fd-49de-b279-dec1b4da99c1",
    "data": [
      {
        "text": "yep that\u0027s ok",
        "userDefined": false
      }
    ],
    "isTemplate": false,
    "count": 0,
    "updated": 1531858999
  },
  {
    "id": "702d73d9-bf54-4f9e-acba-6d77de736272",
    "data": [
      {
        "text": "okay",
        "userDefined": false
      }
    ],
    "isTemplate": false,
    "count": 1,
    "updated": 1531858999
  },
  {
    "id": "524375e3-ba68-40af-98ee-053a85bf85a2",
    "data": [
      {
        "text": "ok",
        "userDefined": false
      }
    ],
    "isTemplate": false,
    "count": 1,
    "updated": 1531858999
  },
  {
    "id": "556daa48-5d3e-4d56-9a3b-00de9616916d",
    "data": [
      {
        "text": "for sure",
        "userDefined": false
      }
    ],
    "isTemplate": false,
    "count": 0,
    "updated": 1531858999
  },
  {
    "id": "79386e49-b7f3-4f69-85c8-e4d6445c460f",
    "data": [
      {
        "text": "sg",
        "userDefined": false
      }
    ],
    "isTemplate": false,
    "count": 0,
    "updated": 1531858999
  },
  {
    "id": "ba7364a8-b823-40c6-bf97-5f395fcf3b16",
    "data": [
      {
        "text": "yes that\u0027t ok",
        "userDefined": false
      }
    ],
    "isTemplate": false,
    "count": 0,
    "updated": 1531858999
  },
  {
    "id": "06218e27-f90e-473d-afc3-a3d4fce6cc6e",
    "data": [
      {
        "text": "I agree",
        "userDefined": false
      }
    ],
    "isTemplate": false,
    "count": 2,
    "updated": 1531858999
  },
  {
    "id": "0800638e-c740-45b6-8781-72382d882cdd",
    "data": [
      {
        "text": "yes you can do it",
        "userDefined": false
      }
    ],
    "isTemplate": false,
    "count": 0,
    "updated": 1531858999
  },
  {
    "id": "fd454be0-8ec4-45c9-8fe3-aab8bcf375a2",
    "data": [
      {
        "text": "I don\u0027t mind",
        "userDefined": false
      }
    ],
    "isTemplate": false,
    "count": 3,
    "updated": 1531858999
  },
  {
    "id": "90d6dbfe-1863-4a0e-abc4-d087132860b9",
    "data": [
      {
        "text": "that one works",
        "userDefined": false
      }
    ],
    "isTemplate": false,
    "count": 0,
    "updated": 1531858999
  },
  {
    "id": "33d7bbb1-4e64-4403-a9dd-f3c966f885f6",
    "data": [
      {
        "text": "that works",
        "userDefined": false
      }
    ],
    "isTemplate": false,
    "count": 0,
    "updated": 1531858999
  },
  {
    "id": "a1abc917-8318-412f-9acb-e916e8999b88",
    "data": [
      {
        "text": "sure why not",
        "userDefined": false
      }
    ],
    "isTemplate": false,
    "count": 0,
    "updated": 1531858999
  },
  {
    "id": "3c79e6ab-c5d1-4293-a066-870d7f916e2e",
    "data": [
      {
        "text": "perfect",
        "userDefined": false
      }
    ],
    "isTemplate": false,
    "count": 0,
    "updated": 1531858999
  },
  {
    "id": "50e8570d-5625-4512-88e9-f80d893b466a",
    "data": [
      {
        "text": "yep that\u0027s right",
        "userDefined": false
      }
    ],
    "isTemplate": false,
    "count": 1,
    "updated": 1531858999
  },
  {
    "id": "edb4addf-a16e-4dcd-a88c-f9fd9c362562",
    "data": [
      {
        "text": "I think so",
        "userDefined": false
      }
    ],
    "isTemplate": false,
    "count": 0,
    "updated": 1531858999
  },
  {
    "id": "e57407c7-8932-4ee5-b9e1-0686baed3280",
    "data": [
      {
        "text": "yes I agree",
        "userDefined": false
      }
    ],
    "isTemplate": false,
    "count": 1,
    "updated": 1531858999
  },
  {
    "id": "c9248cd6-f2f0-48e9-b3fd-d65e175484cf",
    "data": [
      {
        "text": "sure",
        "userDefined": false
      }
    ],
    "isTemplate": false,
    "count": 2,
    "updated": 1531858999
  },
  {
    "id": "24672882-b652-4d0e-9fba-ec66107f8039",
    "data": [
      {
        "text": "sounds correct",
        "userDefined": false
      }
    ],
    "isTemplate": false,
    "count": 1,
    "updated": 1531858999
  },
  {
    "id": "4a456eb2-eb70-4707-84e4-99a288928282",
    "data": [
      {
        "text": "sounds good",
        "userDefined": false
      }
    ],
    "isTemplate": false,
    "count": 0,
    "updated": 1531858999
  },
  {
    "id": "07c7d2be-e79c-406b-b3dc-0508c1166553",
    "data": [
      {
        "text": "that\u0027s correct",
        "userDefined": false
      }
    ],
    "isTemplate": false,
    "count": 0,
    "updated": 1531858999
  },
  {
    "id": "0cff6bfa-bf55-4615-abb0-9e100bc9cad4",
    "data": [
      {
        "text": "go ahead",
        "userDefined": false
      }
    ],
    "isTemplate": false,
    "count": 1,
    "updated": 1531858999
  },
  {
    "id": "03768efa-f8ca-4bc5-9c43-2e7c9f687196",
    "data": [
      {
        "text": "do it",
        "userDefined": false
      }
    ],
    "isTemplate": false,
    "count": 1,
    "updated": 1531858999
  },
  {
    "id": "819d3828-d4c0-4ea4-8416-d526d28dcbc3",
    "data": [
      {
        "text": "it\u0027s fine",
        "userDefined": false
      }
    ],
    "isTemplate": false,
    "count": 0,
    "updated": 1531858999
  },
  {
    "id": "001cf42b-0e60-41c9-b0c9-ec7132f31ddc",
    "data": [
      {
        "text": "yeah",
        "userDefined": false
      }
    ],
    "isTemplate": false,
    "count": 0,
    "updated": 1531858999
  },
  {
    "id": "4e1670c2-0901-4d2f-b700-7504c3edaa78",
    "data": [
      {
        "text": "yes please",
        "userDefined": false
      }
    ],
    "isTemplate": false,
    "count": 0,
    "updated": 1531858999
  },
  {
    "id": "8ef608d1-a56a-468b-9c25-501f4f301553",
    "data": [
      {
        "text": "it\u0027s okay",
        "userDefined": false
      }
    ],
    "isTemplate": false,
    "count": 0,
    "updated": 1531858999
  },
  {
    "id": "48adc058-1314-4825-8305-4bb16e55e2e3",
    "data": [
      {
        "text": "alright why not",
        "userDefined": false
      }
    ],
    "isTemplate": false,
    "count": 0,
    "updated": 1531858999
  },
  {
    "id": "9b181b2f-d121-4211-8194-14166976b408",
    "data": [
      {
        "text": "alright",
        "userDefined": false
      }
    ],
    "isTemplate": false,
    "count": 0,
    "updated": 1531858999
  },
  {
    "id": "dbe64712-1ea4-49db-a2fe-02b20dde7314",
    "data": [
      {
        "text": "right",
        "userDefined": false
      }
    ],
    "isTemplate": false,
    "count": 0,
    "updated": 1531858999
  },
  {
    "id": "1370f0ba-a5ce-4c10-b62c-970cfafca073",
    "data": [
      {
        "text": "it looks perfect",
        "userDefined": false
      }
    ],
    "isTemplate": false,
    "count": 0,
    "updated": 1531858999
  },
  {
    "id": "4b459dd2-161a-47e2-b7ab-cddb2eb6409b",
    "data": [
      {
        "text": "yes I can",
        "userDefined": false
      }
    ],
    "isTemplate": false,
    "count": 0,
    "updated": 1531858999
  },
  {
    "id": "a255a58d-ed18-4b60-b7e6-32de8cd4dbbc",
    "data": [
      {
        "text": "yup",
        "userDefined": false
      }
    ],
    "isTemplate": false,
    "count": 0,
    "updated": 1531858999
  },
  {
    "id": "3fb45148-fc12-4a80-98b2-54825d778745",
    "data": [
      {
        "text": "yep",
        "userDefined": false
      }
    ],
    "isTemplate": false,
    "count": 0,
    "updated": 1531858999
  },
  {
    "id": "056fcf3b-72a3-4324-8d29-1f55b57ff998",
    "data": [
      {
        "text": "confirm",
        "userDefined": false
      }
    ],
    "isTemplate": false,
    "count": 1,
    "updated": 1531858999
  },
  {
    "id": "3ff5ce0a-5e35-41d5-8a1b-eb2a6de9db38",
    "data": [
      {
        "text": "absolutely",
        "userDefined": false
      }
    ],
    "isTemplate": false,
    "count": 1,
    "updated": 1531858999
  }
]