[
  {
    "id": "e31205a4-edb6-4afa-84bd-58ed6dff9d1a",
    "data": [
      {
        "text": "thanks but no",
        "userDefined": false
      }
    ],
    "isTemplate": false,
    "count": 0,
    "updated": 1531859391
  },
  {
    "id": "16d0aab5-5ba5-46f9-b4e0-cb63f1e2d8c7",
    "data": [
      {
        "text": "no way",
        "userDefined": false
      }
    ],
    "isTemplate": false,
    "count": 0,
    "updated": 1531859391
  },
  {
    "id": "3238614f-7cc9-4059-8d06-e19151a2b777",
    "data": [
      {
        "text": "no",
        "userDefined": false
      }
    ],
    "isTemplate": false,
    "count": 2,
    "updated": 1531859391
  },
  {
    "id": "18957b52-570b-467e-a3bc-f87e8c304d3d",
    "data": [
      {
        "text": "no no don\u0027t",
        "userDefined": false
      }
    ],
    "isTemplate": false,
    "count": 0,
    "updated": 1531859391
  },
  {
    "id": "e0a75f3b-cb45-41c1-86a7-1bf9f3d095d7",
    "data": [
      {
        "text": "na",
        "userDefined": false
      }
    ],
    "isTemplate": false,
    "count": 0,
    "updated": 1531859391
  },
  {
    "id": "d8a3c472-73e4-4021-a331-6f508c729a3c",
    "data": [
      {
        "text": "no it isn\u0027t",
        "userDefined": false
      }
    ],
    "isTemplate": false,
    "count": 1,
    "updated": 1531859391
  },
  {
    "id": "ab891d9f-1eb0-40a1-920c-5dad90e0b983",
    "data": [
      {
        "text": "don\u0027t",
        "userDefined": false
      }
    ],
    "isTemplate": false,
    "count": 0,
    "updated": 1531859391
  },
  {
    "id": "f8e5782c-76d2-437c-afe3-ea058ba1b5d9",
    "data": [
      {
        "text": "nah I\u0027m good",
        "userDefined": false
      }
    ],
    "isTemplate": false,
    "count": 1,
    "updated": 1531859391
  },
  {
    "id": "52bd223a-b140-494f-a75a-45f33905a298",
    "data": [
      {
        "text": "no I cannot",
        "userDefined": false
      }
    ],
    "isTemplate": false,
    "count": 1,
    "updated": 1531859391
  },
  {
    "id": "c56c0938-4a4e-4de2-9221-6be407c0c36e",
    "data": [
      {
        "text": "I can\u0027t",
        "userDefined": false
      }
    ],
    "isTemplate": false,
    "count": 0,
    "updated": 1531859391
  },
  {
    "id": "0e7c9bcb-9454-42d6-adb7-b128c0ee6321",
    "data": [
      {
        "text": "nothing",
        "userDefined": false
      }
    ],
    "isTemplate": false,
    "count": 0,
    "updated": 1531859391
  },
  {
    "id": "2309a114-d7ff-4785-8941-d0495e4ce63c",
    "data": [
      {
        "text": "no that\u0027s okay",
        "userDefined": false
      }
    ],
    "isTemplate": false,
    "count": 0,
    "updated": 1531859391
  },
  {
    "id": "702e6300-0d2a-40a3-9e63-4eaa54747a15",
    "data": [
      {
        "text": "no not really",
        "userDefined": false
      }
    ],
    "isTemplate": false,
    "count": 0,
    "updated": 1531859391
  },
  {
    "id": "b312ab06-8533-4d0c-b500-b9a82ffd9fe2",
    "data": [
      {
        "text": "nope not really",
        "userDefined": false
      }
    ],
    "isTemplate": false,
    "count": 0,
    "updated": 1531859391
  },
  {
    "id": "9e76d9bc-a317-46a3-83ca-814b5d170b22",
    "data": [
      {
        "text": "nope",
        "userDefined": false
      }
    ],
    "isTemplate": false,
    "count": 1,
    "updated": 1531859391
  },
  {
    "id": "967bf9c1-d6ab-4492-b3bf-040dd325ace3",
    "data": [
      {
        "text": "thanks but not this time",
        "userDefined": false
      }
    ],
    "isTemplate": false,
    "count": 1,
    "updated": 1531859391
  },
  {
    "id": "0dfc17cc-529a-4da9-b0c3-ddc82314ccc0",
    "data": [
      {
        "text": "I don\u0027t think so",
        "userDefined": false
      }
    ],
    "isTemplate": false,
    "count": 1,
    "updated": 1531859391
  },
  {
    "id": "7bb09c38-d7af-42b2-a5fc-782b511a3bfe",
    "data": [
      {
        "text": "I disagree",
        "userDefined": false
      }
    ],
    "isTemplate": false,
    "count": 2,
    "updated": 1531859391
  },
  {
    "id": "2940776b-913b-4227-a0e0-ed9a4ace1860",
    "data": [
      {
        "text": "no maybe next time",
        "userDefined": false
      }
    ],
    "isTemplate": false,
    "count": 0,
    "updated": 1531859391
  },
  {
    "id": "f9564e9e-8a33-4873-8e8c-d75926371053",
    "data": [
      {
        "text": "not this time",
        "userDefined": false
      }
    ],
    "isTemplate": false,
    "count": 0,
    "updated": 1531859391
  },
  {
    "id": "36847ba9-4234-4e81-8740-167d9f8ed490",
    "data": [
      {
        "text": "no don\u0027t",
        "userDefined": false
      }
    ],
    "isTemplate": false,
    "count": 0,
    "updated": 1531859391
  },
  {
    "id": "ce51ae55-d421-45cd-a412-a418312225ee",
    "data": [
      {
        "text": "no we are good",
        "userDefined": false
      }
    ],
    "isTemplate": false,
    "count": 0,
    "updated": 1531859391
  },
  {
    "id": "bc156d05-cd72-48aa-9e1d-aea1b469e871",
    "data": [
      {
        "text": "don\u0027t do it",
        "userDefined": false
      }
    ],
    "isTemplate": false,
    "count": 3,
    "updated": 1531859391
  },
  {
    "id": "2d6c074a-1061-42d6-88db-9ba4ee033efb",
    "data": [
      {
        "text": "no that\u0027s be all",
        "userDefined": false
      }
    ],
    "isTemplate": false,
    "count": 0,
    "updated": 1531859391
  },
  {
    "id": "3cf40852-8a01-471f-bfb1-bcd161a20e19",
    "data": [
      {
        "text": "not right now",
        "userDefined": false
      }
    ],
    "isTemplate": false,
    "count": 0,
    "updated": 1531859391
  },
  {
    "id": "db0dc8e0-75f1-49c6-bbee-f61520ffefab",
    "data": [
      {
        "text": "nothing else thanks",
        "userDefined": false
      }
    ],
    "isTemplate": false,
    "count": 0,
    "updated": 1531859391
  },
  {
    "id": "3684b2b6-d39d-4318-af3a-ba95e533f6bd",
    "data": [
      {
        "text": "no thanks",
        "userDefined": false
      }
    ],
    "isTemplate": false,
    "count": 0,
    "updated": 1531859391
  },
  {
    "id": "0b83ae4c-30a9-4bb0-ad55-17ce18cac82b",
    "data": [
      {
        "text": "no that\u0027s ok",
        "userDefined": false
      }
    ],
    "isTemplate": false,
    "count": 1,
    "updated": 1531859391
  },
  {
    "id": "7e75789b-f698-4c51-9c32-bdc1e7139712",
    "data": [
      {
        "text": "I don\u0027t want that",
        "userDefined": false
      }
    ],
    "isTemplate": false,
    "count": 0,
    "updated": 1531859391
  },
  {
    "id": "467dfaf3-f07c-43f1-9763-1a32cbeb72f9",
    "data": [
      {
        "text": "definitely not",
        "userDefined": false
      }
    ],
    "isTemplate": false,
    "count": 3,
    "updated": 1531859391
  },
  {
    "id": "e1e7ab89-20f9-4534-abbe-18f0f06a022c",
    "data": [
      {
        "text": "nothing else",
        "userDefined": false
      }
    ],
    "isTemplate": false,
    "count": 1,
    "updated": 1531859391
  },
  {
    "id": "5d747b64-9479-406e-8b62-1443673621b6",
    "data": [
      {
        "text": "not",
        "userDefined": false
      }
    ],
    "isTemplate": false,
    "count": 0,
    "updated": 1531859391
  },
  {
    "id": "70ab9bd7-30b8-4f3b-80ab-a538eae3e462",
    "data": [
      {
        "text": "not at all",
        "userDefined": false
      }
    ],
    "isTemplate": false,
    "count": 0,
    "updated": 1531859391
  },
  {
    "id": "823af56b-475c-4d75-87db-78a8a0e05b24",
    "data": [
      {
        "text": "no never",
        "userDefined": false
      }
    ],
    "isTemplate": false,
    "count": 0,
    "updated": 1531859391
  },
  {
    "id": "d74526e5-371c-4f71-b291-7a6a909ce099",
    "data": [
      {
        "text": "never",
        "userDefined": false
      }
    ],
    "isTemplate": false,
    "count": 0,
    "updated": 1531859391
  },
  {
    "id": "1360c529-92f6-46bf-b851-7ee7e74d3f1f",
    "data": [
      {
        "text": "no way no",
        "userDefined": false
      }
    ],
    "isTemplate": false,
    "count": 0,
    "updated": 1531859391
  },
  {
    "id": "bce2a03d-f861-4019-88ca-563c59da10f6",
    "data": [
      {
        "text": "not really",
        "userDefined": false
      }
    ],
    "isTemplate": false,
    "count": 0,
    "updated": 1531859391
  },
  {
    "id": "72085ad9-157d-4e7c-8f77-a2b6c0d61f70",
    "data": [
      {
        "text": "nah",
        "userDefined": false
      }
    ],
    "isTemplate": false,
    "count": 2,
    "updated": 1531859391
  },
  {
    "id": "d2fc5e00-c78a-4b60-8217-0d30df88eb5d",
    "data": [
      {
        "text": "I don\u0027t",
        "userDefined": false
      }
    ],
    "isTemplate": false,
    "count": 0,
    "updated": 1531859391
  },
  {
    "id": "c688edee-9288-40d5-bdaf-45a80643b47c",
    "data": [
      {
        "text": "I don\u0027t want",
        "userDefined": false
      }
    ],
    "isTemplate": false,
    "count": 0,
    "updated": 1531859391
  },
  {
    "id": "206e2d62-f080-47fd-b991-856be54bc1ef",
    "data": [
      {
        "text": "not ",
        "userDefined": false
      },
      {
        "text": "today",
        "meta": "@sys.ignore",
        "userDefined": false
      }
    ],
    "isTemplate": false,
    "count": 0,
    "updated": 1531859391
  },
  {
    "id": "35cee8d6-033b-4897-b05f-062ea5ea59ae",
    "data": [
      {
        "text": "not interested",
        "userDefined": false
      }
    ],
    "isTemplate": false,
    "count": 0,
    "updated": 1531859391
  },
  {
    "id": "293e7568-6719-4609-a810-8966a2c74415",
    "data": [
      {
        "text": "no that\u0027s fine thank you",
        "userDefined": false
      }
    ],
    "isTemplate": false,
    "count": 0,
    "updated": 1531859391
  },
  {
    "id": "949d7163-0c65-414d-a14c-bc1ed1b46424",
    "data": [
      {
        "text": "I\u0027m not",
        "userDefined": false
      }
    ],
    "isTemplate": false,
    "count": 3,
    "updated": 1531859391
  }
]