[
  {
    "id": "fb2c010f-88e3-4d61-92df-c511f9494ee0",
    "data": [
      {
        "text": "cancel",
        "meta": "@sys.ignore",
        "userDefined": false
      },
      {
        "text": " ",
        "userDefined": false
      },
      {
        "text": "appointment",
        "meta": "@sys.ignore",
        "userDefined": false
      }
    ],
    "isTemplate": false,
    "count": 0,
    "updated": 1538145449
  },
  {
    "id": "a4c250d0-997e-425c-8a2f-46df665a3262",
    "data": [
      {
        "text": "please ",
        "userDefined": false
      },
      {
        "text": "cancel",
        "meta": "@sys.ignore",
        "userDefined": false
      },
      {
        "text": " my ",
        "userDefined": false
      },
      {
        "text": "appointment",
        "meta": "@sys.ignore",
        "userDefined": false
      }
    ],
    "isTemplate": false,
    "count": 0,
    "updated": 1537037825
  },
  {
    "id": "c608158a-cb2a-43bc-a1e8-5067064d338a",
    "data": [
      {
        "text": "cancel",
        "meta": "@sys.ignore",
        "userDefined": false
      },
      {
        "text": " my ",
        "userDefined": false
      },
      {
        "text": "appointment",
        "meta": "@sys.ignore",
        "userDefined": false
      }
    ],
    "isTemplate": false,
    "count": 0,
    "updated": 1537037825
  },
  {
    "id": "bc13dcef-24e1-47a6-9683-3cb20caae840",
    "data": [
      {
        "text": "cancel",
        "meta": "@sys.ignore",
        "userDefined": false
      },
      {
        "text": " my ",
        "userDefined": false
      },
      {
        "text": "service appointment",
        "meta": "@sys.ignore",
        "userDefined": false
      }
    ],
    "isTemplate": false,
    "count": 0,
    "updated": 1537037825
  },
  {
    "id": "9064657c-a17d-460e-95bf-c0225b5b9717",
    "data": [
      {
        "text": "I want to ",
        "userDefined": false
      },
      {
        "text": "cancel",
        "meta": "@sys.ignore",
        "userDefined": false
      },
      {
        "text": " my ",
        "userDefined": false
      },
      {
        "text": "appointment",
        "meta": "@sys.ignore",
        "userDefined": false
      }
    ],
    "isTemplate": false,
    "count": 0,
    "updated": 1537037825
  }
]