[
  {
    "id": "9841b188-717c-4307-938a-5830baa7fa90",
    "data": [
      {
        "text": "service",
        "meta": "@sys.ignore",
        "userDefined": false
      },
      {
        "text": " id ",
        "userDefined": false
      },
      {
        "text": "mu0BeaCrIEiktt9PxxUM",
        "alias": "id",
        "meta": "@sys.any",
        "userDefined": true
      }
    ],
    "isTemplate": false,
    "count": 0,
    "updated": 1538329652
  },
  {
    "id": "336aede2-0c3c-4a9a-8c1e-81955722e814",
    "data": [
      {
        "text": "service id ",
        "userDefined": false
      },
      {
        "text": "WXfY3Fbe8ZO4d6ILhVrS",
        "alias": "id",
        "meta": "@sys.any",
        "userDefined": true
      }
    ],
    "isTemplate": false,
    "count": 0,
    "updated": 1538329652
  },
  {
    "id": "af4c6517-4804-4a96-aa6b-446fe8b18353",
    "data": [
      {
        "text": "mu0BeaCrIEiktt9PxxUM",
        "alias": "id",
        "meta": "@sys.any",
        "userDefined": true
      }
    ],
    "isTemplate": false,
    "count": 0,
    "updated": 1538329652
  },
  {
    "id": "da9ef348-3555-4da7-ae53-f24c6174d5c7",
    "data": [
      {
        "text": "WXfY3Fbe8ZO4d6ILhVrS",
        "alias": "id",
        "meta": "@sys.any",
        "userDefined": true
      }
    ],
    "isTemplate": false,
    "count": 0,
    "updated": 1538329652
  }
]